dataset,model,cpu_load,test_accuracy,test_precision,test_f1_score,test_recall,fit_time,emission_time,emissions,energy_consumed,n_samples
Banknote,Linear,2.6875,0.983660,0.982534,0.981850,0.981818,0.006774,7.084489e-02,2.130338e-07,1.098888e-06,1372
Banknote,Linear,2.6875,0.973856,0.972699,0.970980,0.970909,0.006027,7.084489e-02,2.130338e-07,1.098888e-06,1372
Banknote,Linear,2.6875,0.972066,0.971301,0.970844,0.970803,0.005843,7.084489e-02,2.130338e-07,1.098888e-06,1372
Banknote,Linear,2.6875,0.992612,0.992701,0.992701,0.992701,0.005277,7.084489e-02,2.130338e-07,1.098888e-06,1372
Banknote,Linear,2.6875,0.990132,0.989314,0.989063,0.989051,0.005065,7.084489e-02,2.130338e-07,1.098888e-06,1372
Banknote,Forest,2.6875,0.993464,0.992845,0.992733,0.992727,0.184149,1.428834e+00,3.267170e-06,1.685298e-05,1372
Banknote,Forest,2.6875,1.000000,1.000000,1.000000,1.000000,0.170771,1.428834e+00,3.267170e-06,1.685298e-05,1372
Banknote,Forest,2.6875,0.990132,0.989314,0.989063,0.989051,0.153701,1.428834e+00,3.267170e-06,1.685298e-05,1372
Banknote,Forest,2.6875,0.995902,0.996374,0.996349,0.996350,0.172415,1.428834e+00,3.267170e-06,1.685298e-05,1372
Banknote,Forest,2.6875,0.995902,0.996374,0.996349,0.996350,0.158298,1.428834e+00,3.267170e-06,1.685298e-05,1372
Banknote,SupportVector,3.0,1.000000,1.000000,1.000000,1.000000,0.007940,8.108234e-02,2.300088e-07,1.186450e-06,1372
Banknote,SupportVector,3.0,1.000000,1.000000,1.000000,1.000000,0.006909,8.108234e-02,2.300088e-07,1.186450e-06,1372
Banknote,SupportVector,3.0,1.000000,1.000000,1.000000,1.000000,0.006778,8.108234e-02,2.300088e-07,1.186450e-06,1372
Banknote,SupportVector,3.0,1.000000,1.000000,1.000000,1.000000,0.007612,8.108234e-02,2.300088e-07,1.186450e-06,1372
Banknote,SupportVector,3.0,1.000000,1.000000,1.000000,1.000000,0.007104,8.108234e-02,2.300088e-07,1.186450e-06,1372
Banknote,Neighbors,3.0,1.000000,1.000000,1.000000,1.000000,0.004650,1.600776e-01,4.946442e-07,2.551514e-06,1372
Banknote,Neighbors,3.0,1.000000,1.000000,1.000000,1.000000,0.004956,1.600776e-01,4.946442e-07,2.551514e-06,1372
Banknote,Neighbors,3.0,0.993421,0.992818,0.992706,0.992701,0.041749,1.600776e-01,4.946442e-07,2.551514e-06,1372
Banknote,Neighbors,3.0,1.000000,1.000000,1.000000,1.000000,0.004384,1.600776e-01,4.946442e-07,2.551514e-06,1372
Banknote,Neighbors,3.0,1.000000,1.000000,1.000000,1.000000,0.004393,1.600776e-01,4.946442e-07,2.551514e-06,1372
Banknote,NaiveBayes,3.75,0.830521,0.836605,0.835568,0.836364,0.004113,5.936861e-02,1.817765e-07,9.376545e-07,1372
Banknote,NaiveBayes,3.75,0.851066,0.851991,0.851168,0.850909,0.004213,5.936861e-02,1.817765e-07,9.376545e-07,1372
Banknote,NaiveBayes,3.75,0.798965,0.807353,0.805093,0.806569,0.003996,5.936861e-02,1.817765e-07,9.376545e-07,1372
Banknote,NaiveBayes,3.75,0.845772,0.857136,0.852542,0.854015,0.003623,5.936861e-02,1.817765e-07,9.376545e-07,1372
Banknote,NaiveBayes,3.75,0.853915,0.857570,0.857327,0.857664,0.004100,5.936861e-02,1.817765e-07,9.376545e-07,1372
Banknote,GradientBoost,3.75,0.996732,0.996393,0.996365,0.996364,0.322541,1.870933e+00,4.279682e-06,2.207580e-05,1372
Banknote,GradientBoost,3.75,1.000000,1.000000,1.000000,1.000000,0.238075,1.870933e+00,4.279682e-06,2.207580e-05,1372
Banknote,GradientBoost,3.75,0.990132,0.989314,0.989063,0.989051,0.263504,1.870933e+00,4.279682e-06,2.207580e-05,1372
Banknote,GradientBoost,3.75,0.995902,0.996374,0.996349,0.996350,0.242561,1.870933e+00,4.279682e-06,2.207580e-05,1372
Banknote,GradientBoost,3.75,1.000000,1.000000,1.000000,1.000000,0.219893,1.870933e+00,4.279682e-06,2.207580e-05,1372
Banknote,Neural,11.625,1.000000,1.000000,1.000000,1.000000,1.107847,5.040642e+00,1.155036e-05,5.958000e-05,1372
Banknote,Neural,11.625,1.000000,1.000000,1.000000,1.000000,0.848104,5.040642e+00,1.155036e-05,5.958000e-05,1372
Banknote,Neural,11.625,1.000000,1.000000,1.000000,1.000000,0.794318,5.040642e+00,1.155036e-05,5.958000e-05,1372
Banknote,Neural,11.625,1.000000,1.000000,1.000000,1.000000,0.850490,5.040642e+00,1.155036e-05,5.958000e-05,1372
Banknote,Neural,11.625,1.000000,1.000000,1.000000,1.000000,0.863600,5.040642e+00,1.155036e-05,5.958000e-05,1372
Ionosphere,Linear,1.1875,0.826923,0.894366,0.865736,0.873239,0.140671,3.011625e-01,8.983948e-07,4.634174e-06,351
Ionosphere,Linear,1.1875,0.775556,0.812857,0.808855,0.814286,0.030183,3.011625e-01,8.983948e-07,4.634174e-06,351
Ionosphere,Linear,1.1875,0.888889,0.917396,0.912383,0.914286,0.018692,3.011625e-01,8.983948e-07,4.634174e-06,351
Ionosphere,Linear,1.1875,0.937778,0.942857,0.942857,0.942857,0.016730,3.011625e-01,8.983948e-07,4.634174e-06,351
Ionosphere,Linear,1.1875,0.848889,0.892968,0.881494,0.885714,0.012340,3.011625e-01,8.983948e-07,4.634174e-06,351
Ionosphere,Forest,1.1875,0.903846,0.936620,0.927685,0.929577,0.155415,1.280864e+00,2.927222e-06,1.509944e-05,351
Ionosphere,Forest,1.1875,0.860000,0.913462,0.895469,0.900000,0.142758,1.280864e+00,2.927222e-06,1.509944e-05,351
Ionosphere,Forest,1.1875,0.928889,0.943439,0.942288,0.942857,0.135363,1.280864e+00,2.927222e-06,1.509944e-05,351
Ionosphere,Forest,1.1875,0.933333,0.930876,0.915816,0.914286,0.127201,1.280864e+00,2.927222e-06,1.509944e-05,351
Ionosphere,Forest,1.1875,0.980000,0.986025,0.985647,0.985714,0.130365,1.280864e+00,2.927222e-06,1.509944e-05,351
Ionosphere,SupportVector,1.625,0.903846,0.936620,0.927685,0.929577,0.009274,9.904265e-02,2.697369e-07,1.391379e-06,351
Ionosphere,SupportVector,1.625,0.857778,0.887269,0.883177,0.885714,0.008240,9.904265e-02,2.697369e-07,1.391379e-06,351
Ionosphere,SupportVector,1.625,0.900000,0.935714,0.926483,0.928571,0.007912,9.904265e-02,2.697369e-07,1.391379e-06,351
Ionosphere,SupportVector,1.625,0.977778,0.973545,0.971653,0.971429,0.008028,9.904265e-02,2.697369e-07,1.391379e-06,351
Ionosphere,SupportVector,1.625,0.960000,0.972644,0.971144,0.971429,0.008151,9.904265e-02,2.697369e-07,1.391379e-06,351
Ionosphere,Neighbors,1.625,0.750000,0.857941,0.797940,0.816901,0.005803,1.934195e-01,5.689291e-07,2.934697e-06,351
Ionosphere,Neighbors,1.625,0.717778,0.799745,0.767164,0.785714,0.007144,1.934195e-01,5.689291e-07,2.934697e-06,351
Ionosphere,Neighbors,1.625,0.788889,0.858631,0.832753,0.842857,0.004405,1.934195e-01,5.689291e-07,2.934697e-06,351
Ionosphere,Neighbors,1.625,0.917778,0.928313,0.928235,0.928571,0.004969,1.934195e-01,5.689291e-07,2.934697e-06,351
Ionosphere,Neighbors,1.625,0.800000,0.883117,0.846429,0.857143,0.004023,1.934195e-01,5.689291e-07,2.934697e-06,351
Ionosphere,NaiveBayes,1.625,0.846154,0.904332,0.881680,0.887324,0.006160,1.364162e-01,3.569146e-07,1.841066e-06,351
Ionosphere,NaiveBayes,1.625,0.720000,0.847458,0.774573,0.800000,0.044859,1.364162e-01,3.569146e-07,1.841066e-06,351
Ionosphere,NaiveBayes,1.625,0.788889,0.858631,0.832753,0.842857,0.006700,1.364162e-01,3.569146e-07,1.841066e-06,351
Ionosphere,NaiveBayes,1.625,0.966667,0.961735,0.957617,0.957143,0.005569,1.364162e-01,3.569146e-07,1.841066e-06,351
Ionosphere,NaiveBayes,1.625,0.917778,0.928313,0.928235,0.928571,0.006607,1.364162e-01,3.569146e-07,1.841066e-06,351
Ionosphere,GradientBoost,2.0,0.884615,0.925435,0.912622,0.915493,0.318903,2.001623e+00,4.580313e-06,2.362654e-05,351
Ionosphere,GradientBoost,2.0,0.840000,0.902965,0.879495,0.885714,0.286444,2.001623e+00,4.580313e-06,2.362654e-05,351
Ionosphere,GradientBoost,2.0,0.920000,0.947522,0.941588,0.942857,0.282000,2.001623e+00,4.580313e-06,2.362654e-05,351
Ionosphere,GradientBoost,2.0,0.955556,0.950739,0.943645,0.942857,0.280510,2.001623e+00,4.580313e-06,2.362654e-05,351
Ionosphere,GradientBoost,2.0,0.937778,0.942857,0.942857,0.942857,0.272382,2.001623e+00,4.580313e-06,2.362654e-05,351
Ionosphere,Neural,10.125,0.826923,0.894366,0.865736,0.873239,1.397840,6.009669e+00,1.377666e-05,7.106389e-05,351
Ionosphere,Neural,10.125,0.828889,0.881258,0.865603,0.871429,0.970896,6.009669e+00,1.377666e-05,7.106389e-05,351
Ionosphere,Neural,10.125,0.900000,0.935714,0.926483,0.928571,1.473436,6.009669e+00,1.377666e-05,7.106389e-05,351
Ionosphere,Neural,10.125,0.948889,0.957169,0.956941,0.957143,0.843912,6.009669e+00,1.377666e-05,7.106389e-05,351
Ionosphere,Neural,10.125,0.888889,0.917396,0.912383,0.914286,0.719722,6.009669e+00,1.377666e-05,7.106389e-05,351
Iris,Linear,0.9375,0.900000,0.902357,0.899749,0.900000,0.006148,6.080294e-02,1.838216e-07,9.482037e-07,150
Iris,Linear,0.9375,1.000000,1.000000,1.000000,1.000000,0.005437,6.080294e-02,1.838216e-07,9.482037e-07,150
Iris,Linear,0.9375,0.933333,0.933333,0.933333,0.933333,0.004806,6.080294e-02,1.838216e-07,9.482037e-07,150
Iris,Linear,0.9375,0.933333,0.933333,0.933333,0.933333,0.004808,6.080294e-02,1.838216e-07,9.482037e-07,150
Iris,Linear,0.9375,1.000000,1.000000,1.000000,1.000000,0.004831,6.080294e-02,1.838216e-07,9.482037e-07,150
Iris,Forest,0.9375,0.933333,0.933333,0.933333,0.933333,0.075933,1.020593e+00,2.330302e-06,1.202035e-05,150
Iris,Forest,0.9375,0.966667,0.969697,0.966583,0.966667,0.075967,1.020593e+00,2.330302e-06,1.202035e-05,150
Iris,Forest,0.9375,0.933333,0.933333,0.933333,0.933333,0.077565,1.020593e+00,2.330302e-06,1.202035e-05,150
Iris,Forest,0.9375,0.933333,0.933333,0.933333,0.933333,0.078502,1.020593e+00,2.330302e-06,1.202035e-05,150
Iris,Forest,0.9375,1.000000,1.000000,1.000000,1.000000,0.077740,1.020593e+00,2.330302e-06,1.202035e-05,150
Iris,SupportVector,1.375,0.900000,0.902357,0.899749,0.900000,0.003928,5.121875e-02,1.174303e-07,6.057387e-07,150
Iris,SupportVector,1.375,1.000000,1.000000,1.000000,1.000000,0.003579,5.121875e-02,1.174303e-07,6.057387e-07,150
Iris,SupportVector,1.375,0.933333,0.933333,0.933333,0.933333,0.003331,5.121875e-02,1.174303e-07,6.057387e-07,150
Iris,SupportVector,1.375,0.933333,0.933333,0.933333,0.933333,0.003468,5.121875e-02,1.174303e-07,6.057387e-07,150
Iris,SupportVector,1.375,1.000000,1.000000,1.000000,1.000000,0.003416,5.121875e-02,1.174303e-07,6.057387e-07,150
Iris,Neighbors,1.375,0.933333,0.933333,0.933333,0.933333,0.003382,5.805707e-02,1.761418e-07,9.085892e-07,150
Iris,Neighbors,1.375,0.966667,0.969697,0.966583,0.966667,0.003427,5.805707e-02,1.761418e-07,9.085892e-07,150
Iris,Neighbors,1.375,0.933333,0.933333,0.933333,0.933333,0.003241,5.805707e-02,1.761418e-07,9.085892e-07,150
Iris,Neighbors,1.375,0.900000,0.902357,0.899749,0.900000,0.003066,5.805707e-02,1.761418e-07,9.085892e-07,150
Iris,Neighbors,1.375,1.000000,1.000000,1.000000,1.000000,0.003082,5.805707e-02,1.761418e-07,9.085892e-07,150
Iris,NaiveBayes,1.375,0.933333,0.933333,0.933333,0.933333,0.003736,5.443764e-02,1.247584e-07,6.435389e-07,150
Iris,NaiveBayes,1.375,1.000000,1.000000,1.000000,1.000000,0.004460,5.443764e-02,1.247584e-07,6.435389e-07,150
Iris,NaiveBayes,1.375,0.966667,0.969697,0.966583,0.966667,0.004181,5.443764e-02,1.247584e-07,6.435389e-07,150
Iris,NaiveBayes,1.375,0.933333,0.933333,0.933333,0.933333,0.003252,5.443764e-02,1.247584e-07,6.435389e-07,150
Iris,NaiveBayes,1.375,0.966667,0.969697,0.966583,0.966667,0.003639,5.443764e-02,1.247584e-07,6.435389e-07,150
Iris,GradientBoost,1.7500000000000002,0.900000,0.902357,0.899749,0.900000,0.211546,1.508073e+00,3.448376e-06,1.778770e-05,150
Iris,GradientBoost,1.7500000000000002,0.966667,0.969697,0.966583,0.966667,0.180898,1.508073e+00,3.448376e-06,1.778770e-05,150
Iris,GradientBoost,1.7500000000000002,0.933333,0.933333,0.933333,0.933333,0.186323,1.508073e+00,3.448376e-06,1.778770e-05,150
Iris,GradientBoost,1.7500000000000002,0.933333,0.933333,0.933333,0.933333,0.183692,1.508073e+00,3.448376e-06,1.778770e-05,150
Iris,GradientBoost,1.7500000000000002,0.966667,0.969697,0.966583,0.966667,0.186477,1.508073e+00,3.448376e-06,1.778770e-05,150
Iris,Neural,2.125,0.866667,0.875000,0.865320,0.866667,0.172225,1.404664e+00,3.211059e-06,1.656355e-05,150
Iris,Neural,2.125,1.000000,1.000000,1.000000,1.000000,0.154711,1.404664e+00,3.211059e-06,1.656355e-05,150
Iris,Neural,2.125,0.966667,0.969697,0.966583,0.966667,0.180257,1.404664e+00,3.211059e-06,1.656355e-05,150
Iris,Neural,2.125,0.900000,0.906061,0.901504,0.900000,0.161988,1.404664e+00,3.211059e-06,1.656355e-05,150
Iris,Neural,2.125,1.000000,1.000000,1.000000,1.000000,0.161652,1.404664e+00,3.211059e-06,1.656355e-05,150
Phoneme,Linear,2.5625,0.676534,0.744980,0.747774,0.756707,0.095247,4.547079e-01,1.369760e-06,7.065607e-06,5404
Phoneme,Linear,2.5625,0.681502,0.752879,0.754598,0.765032,0.018316,4.547079e-01,1.369760e-06,7.065607e-06,5404
Phoneme,Linear,2.5625,0.644334,0.720791,0.724063,0.737280,0.016060,4.547079e-01,1.369760e-06,7.065607e-06,5404
Phoneme,Linear,2.5625,0.669795,0.740902,0.743422,0.753932,0.052424,4.547079e-01,1.369760e-06,7.065607e-06,5404
Phoneme,Linear,2.5625,0.666886,0.731727,0.735184,0.741667,0.032927,4.547079e-01,1.369760e-06,7.065607e-06,5404
Phoneme,Forest,2.8125,0.901149,0.917746,0.917707,0.917669,0.913378,5.452503e+00,1.249918e-05,6.447429e-05,5404
Phoneme,Forest,2.8125,0.899153,0.920703,0.920878,0.921369,0.910037,5.452503e+00,1.249918e-05,6.447429e-05,5404
Phoneme,Forest,2.8125,0.880258,0.903180,0.903429,0.903793,0.968512,5.452503e+00,1.249918e-05,6.447429e-05,5404
Phoneme,Forest,2.8125,0.885608,0.913974,0.913793,0.914894,0.969130,5.452503e+00,1.249918e-05,6.447429e-05,5404
Phoneme,Forest,2.8125,0.877329,0.900360,0.900599,0.900926,0.940701,5.452503e+00,1.249918e-05,6.447429e-05,5404
Phoneme,SupportVector,3.125,0.819766,0.849171,0.848701,0.848289,0.286108,2.474220e+00,5.666485e-06,2.922932e-05,5404
Phoneme,SupportVector,3.125,0.792684,0.831555,0.832363,0.833488,0.300262,2.474220e+00,5.666485e-06,2.922932e-05,5404
Phoneme,SupportVector,3.125,0.789143,0.828059,0.828808,0.829787,0.286386,2.474220e+00,5.666485e-06,2.922932e-05,5404
Phoneme,SupportVector,3.125,0.833846,0.866193,0.866761,0.867715,0.292248,2.474220e+00,5.666485e-06,2.922932e-05,5404
Phoneme,SupportVector,3.125,0.806564,0.837560,0.836772,0.836111,0.297907,2.474220e+00,5.666485e-06,2.922932e-05,5404
Phoneme,Neighbors,3.375,0.847051,0.874573,0.874823,0.875116,0.009681,1.077281e+00,2.460793e-06,1.269347e-05,5404
Phoneme,Neighbors,3.375,0.844904,0.880591,0.880795,0.882516,0.009538,1.077281e+00,2.460793e-06,1.269347e-05,5404
Phoneme,Neighbors,3.375,0.845977,0.877318,0.877813,0.878816,0.010145,1.077281e+00,2.460793e-06,1.269347e-05,5404
Phoneme,Neighbors,3.375,0.841057,0.882581,0.881758,0.884366,0.010063,1.077281e+00,2.460793e-06,1.269347e-05,5404
Phoneme,Neighbors,3.375,0.825302,0.861701,0.862338,0.863889,0.010231,1.077281e+00,2.460793e-06,1.269347e-05,5404
Phoneme,NaiveBayes,3.375,0.729537,0.767385,0.739864,0.729880,0.008404,1.595750e-01,4.768549e-07,2.459752e-06,5404
Phoneme,NaiveBayes,3.375,0.769256,0.798933,0.781249,0.774283,0.008556,1.595750e-01,4.768549e-07,2.459752e-06,5404
Phoneme,NaiveBayes,3.375,0.728665,0.767160,0.752631,0.745606,0.009748,1.595750e-01,4.768549e-07,2.459752e-06,5404
Phoneme,NaiveBayes,3.375,0.767007,0.797686,0.785456,0.779833,0.008668,1.595750e-01,4.768549e-07,2.459752e-06,5404
Phoneme,NaiveBayes,3.375,0.758727,0.790741,0.775201,0.768519,0.008845,1.595750e-01,4.768549e-07,2.459752e-06,5404
Phoneme,GradientBoost,3.8125,0.843896,0.872512,0.872847,0.873265,1.084868,6.445074e+00,1.477444e-05,7.621073e-05,5404
Phoneme,GradientBoost,3.8125,0.824550,0.864246,0.864616,0.866790,1.092541,6.445074e+00,1.477444e-05,7.621073e-05,5404
Phoneme,GradientBoost,3.8125,0.816042,0.852670,0.853413,0.854764,1.084139,6.445074e+00,1.477444e-05,7.621073e-05,5404
Phoneme,GradientBoost,3.8125,0.832800,0.869233,0.869683,0.871415,1.086199,6.445074e+00,1.477444e-05,7.621073e-05,5404
Phoneme,GradientBoost,3.8125,0.804019,0.845194,0.846008,0.848148,1.096962,6.445074e+00,1.477444e-05,7.621073e-05,5404
Phoneme,Neural,65.6875,0.842889,0.866177,0.864912,0.864015,11.298482,5.895372e+01,1.352286e-04,6.975473e-04,5404
Phoneme,Neural,65.6875,0.828006,0.860086,0.860579,0.861240,13.247359,5.895372e+01,1.352286e-04,6.975473e-04,5404
Phoneme,Neural,65.6875,0.831462,0.857461,0.856458,0.855689,11.038922,5.895372e+01,1.352286e-04,6.975473e-04,5404
Phoneme,Neural,65.6875,0.836336,0.867385,0.867890,0.868640,12.924279,5.895372e+01,1.352286e-04,6.975473e-04,5404
Phoneme,Neural,65.6875,0.814794,0.853091,0.853832,0.855556,9.445285,5.895372e+01,1.352286e-04,6.975473e-04,5404
Optdigits,Linear,2.4375,0.956289,0.956614,0.956410,0.956406,0.229177,2.231711e+00,5.109786e-06,2.635772e-05,5620
Optdigits,Linear,2.4375,0.967182,0.967325,0.967055,0.967082,0.207169,2.231711e+00,5.109786e-06,2.635772e-05,5620
Optdigits,Linear,2.4375,0.965404,0.965732,0.965436,0.965302,0.178951,2.231711e+00,5.109786e-06,2.635772e-05,5620
Optdigits,Linear,2.4375,0.978679,0.978714,0.978639,0.978648,0.311790,2.231711e+00,5.109786e-06,2.635772e-05,5620
Optdigits,Linear,2.4375,0.974112,0.974282,0.974146,0.974199,0.473785,2.231711e+00,5.109786e-06,2.635772e-05,5620
Optdigits,Forest,2.75,0.983033,0.983251,0.983105,0.983096,0.849162,4.901404e+00,1.123422e-05,5.794928e-05,5620
Optdigits,Forest,2.75,0.979589,0.979616,0.979453,0.979537,0.825257,4.901404e+00,1.123422e-05,5.794928e-05,5620
Optdigits,Forest,2.75,0.981327,0.981648,0.981376,0.981317,0.848588,4.901404e+00,1.123422e-05,5.794928e-05,5620
Optdigits,Forest,2.75,0.983999,0.984187,0.983991,0.983986,0.810687,4.901404e+00,1.123422e-05,5.794928e-05,5620
Optdigits,Forest,2.75,0.982117,0.982254,0.982164,0.982206,0.778853,4.901404e+00,1.123422e-05,5.794928e-05,5620
Optdigits,SupportVector,3.0,0.980337,0.981244,0.980543,0.980427,0.348204,3.035591e+00,6.953905e-06,3.587020e-05,5620
Optdigits,SupportVector,3.0,0.984061,0.984059,0.983945,0.983986,0.331706,3.035591e+00,6.953905e-06,3.587020e-05,5620
Optdigits,SupportVector,3.0,0.987562,0.987619,0.987535,0.987544,0.344214,3.035591e+00,6.953905e-06,3.587020e-05,5620
Optdigits,SupportVector,3.0,0.987593,0.987636,0.987548,0.987544,0.391593,3.035591e+00,6.953905e-06,3.587020e-05,5620
Optdigits,SupportVector,3.0,0.988446,0.988549,0.988449,0.988434,0.336751,3.035591e+00,6.953905e-06,3.587020e-05,5620
Optdigits,Neighbors,3.25,0.973201,0.973689,0.973323,0.973310,0.018983,1.133017e+00,2.589711e-06,1.335846e-05,5620
Optdigits,Neighbors,3.25,0.976064,0.976033,0.975884,0.975979,0.016053,1.133017e+00,2.589711e-06,1.335846e-05,5620
Optdigits,Neighbors,3.25,0.984006,0.983951,0.983945,0.983986,0.014237,1.133017e+00,2.589711e-06,1.335846e-05,5620
Optdigits,Neighbors,3.25,0.976925,0.977192,0.976896,0.976868,0.013945,1.133017e+00,2.589711e-06,1.335846e-05,5620
Optdigits,Neighbors,3.25,0.978647,0.978817,0.978585,0.978648,0.014036,1.133017e+00,2.589711e-06,1.335846e-05,5620
Optdigits,NaiveBayes,3.5000000000000004,0.672187,0.805641,0.663296,0.669929,0.035625,2.695591e-01,7.986135e-07,4.119473e-06,5620
Optdigits,NaiveBayes,3.5000000000000004,0.720996,0.817438,0.721592,0.719751,0.022948,2.695591e-01,7.986135e-07,4.119473e-06,5620
Optdigits,NaiveBayes,3.5000000000000004,0.649463,0.801194,0.631858,0.647687,0.019844,2.695591e-01,7.986135e-07,4.119473e-06,5620
Optdigits,NaiveBayes,3.5000000000000004,0.738676,0.825162,0.725674,0.737544,0.024031,2.695591e-01,7.986135e-07,4.119473e-06,5620
Optdigits,NaiveBayes,3.5000000000000004,0.754236,0.818493,0.736198,0.754448,0.019722,2.695591e-01,7.986135e-07,4.119473e-06,5620
Optdigits,GradientBoost,5.625,0.975873,0.976383,0.976043,0.975979,16.467906,8.865354e+01,2.033770e-04,1.049076e-03,5620
Optdigits,GradientBoost,5.625,0.976040,0.976173,0.975988,0.975979,18.023069,8.865354e+01,2.033770e-04,1.049076e-03,5620
Optdigits,GradientBoost,5.625,0.975993,0.976416,0.976078,0.975979,17.778186,8.865354e+01,2.033770e-04,1.049076e-03,5620
Optdigits,GradientBoost,5.625,0.979628,0.979735,0.979568,0.979537,17.839742,8.865354e+01,2.033770e-04,1.049076e-03,5620
Optdigits,GradientBoost,5.625,0.981209,0.981498,0.981267,0.981317,17.476896,8.865354e+01,2.033770e-04,1.049076e-03,5620
Optdigits,Neural,47.75,0.976757,0.976885,0.976842,0.976868,6.384832,3.290264e+01,7.547392e-05,3.893158e-04,5620
Optdigits,Neural,47.75,0.983208,0.983198,0.983088,0.983096,4.516935,3.290264e+01,7.547392e-05,3.893158e-04,5620
Optdigits,Neural,47.75,0.983121,0.983182,0.983116,0.983096,5.711695,3.290264e+01,7.547392e-05,3.893158e-04,5620
Optdigits,Neural,47.75,0.988439,0.988480,0.988434,0.988434,7.927947,3.290264e+01,7.547392e-05,3.893158e-04,5620
Optdigits,Neural,47.75,0.985673,0.985909,0.985759,0.985765,7.589038,3.290264e+01,7.547392e-05,3.893158e-04,5620
Eeg-eye-state,Linear,4.0625,0.568244,0.581190,0.572345,0.587116,0.115537,1.489489e+00,3.415602e-06,1.761864e-05,14980
Eeg-eye-state,Linear,4.0625,0.608108,0.622090,0.614053,0.624499,0.106055,1.489489e+00,3.415602e-06,1.761864e-05,14980
Eeg-eye-state,Linear,4.0625,0.575226,0.590110,0.578755,0.594793,0.097962,1.489489e+00,3.415602e-06,1.761864e-05,14980
Eeg-eye-state,Linear,4.0625,0.572003,0.587660,0.574770,0.592457,0.077198,1.489489e+00,3.415602e-06,1.761864e-05,14980
Eeg-eye-state,Linear,4.0625,0.551559,0.564465,0.553470,0.572430,0.072295,1.489489e+00,3.415602e-06,1.761864e-05,14980
Eeg-eye-state,Forest,4.5625,0.924473,0.928104,0.927364,0.927570,1.782793,1.014798e+01,2.328068e-05,1.200883e-04,14980
Eeg-eye-state,Forest,4.5625,0.930476,0.934197,0.933383,0.933578,1.791517,1.014798e+01,2.328068e-05,1.200883e-04,14980
Eeg-eye-state,Forest,4.5625,0.928918,0.932453,0.931720,0.931909,1.774783,1.014798e+01,2.328068e-05,1.200883e-04,14980
Eeg-eye-state,Forest,4.5625,0.925090,0.930017,0.928622,0.928905,1.823838,1.014798e+01,2.328068e-05,1.200883e-04,14980
Eeg-eye-state,Forest,4.5625,0.922805,0.926992,0.925989,0.926235,1.775321,1.014798e+01,2.328068e-05,1.200883e-04,14980
Eeg-eye-state,SupportVector,5.125,0.711095,0.741968,0.718692,0.728972,3.772782,2.572484e+01,5.904741e-05,3.045832e-04,14980
Eeg-eye-state,SupportVector,5.125,0.678565,0.702872,0.685474,0.695928,3.871976,2.572484e+01,5.904741e-05,3.045832e-04,14980
Eeg-eye-state,SupportVector,5.125,0.664319,0.733539,0.664168,0.691923,3.714570,2.572484e+01,5.904741e-05,3.045832e-04,14980
Eeg-eye-state,SupportVector,5.125,0.606385,0.657526,0.600270,0.635514,3.932336,2.572484e+01,5.904741e-05,3.045832e-04,14980
Eeg-eye-state,SupportVector,5.125,0.583846,0.633983,0.572190,0.615154,4.169748,2.572484e+01,5.904741e-05,3.045832e-04,14980
Eeg-eye-state,Neighbors,5.25,0.912732,0.913571,0.913560,0.913551,0.032279,2.192712e+00,5.030403e-06,2.594823e-05,14980
Eeg-eye-state,Neighbors,5.25,0.862805,0.864182,0.864166,0.864152,0.023599,2.192712e+00,5.030403e-06,2.594823e-05,14980
Eeg-eye-state,Neighbors,5.25,0.899801,0.901829,0.901758,0.901869,0.023316,2.192712e+00,5.030403e-06,2.594823e-05,14980
Eeg-eye-state,Neighbors,5.25,0.810271,0.815467,0.814644,0.815421,0.023157,2.192712e+00,5.030403e-06,2.594823e-05,14980
Eeg-eye-state,Neighbors,5.25,0.835261,0.837074,0.837093,0.837116,0.023164,2.192712e+00,5.030403e-06,2.594823e-05,14980
Eeg-eye-state,NaiveBayes,5.25,0.539649,0.554566,0.498317,0.518024,0.014766,2.683179e-01,8.383140e-07,4.324260e-06,14980
Eeg-eye-state,NaiveBayes,5.25,0.506419,0.532529,0.346248,0.461949,0.014052,2.683179e-01,8.383140e-07,4.324260e-06,14980
Eeg-eye-state,NaiveBayes,5.25,0.497959,0.490612,0.312686,0.450935,0.015166,2.683179e-01,8.383140e-07,4.324260e-06,14980
Eeg-eye-state,NaiveBayes,5.25,0.497657,0.476541,0.297273,0.448932,0.013601,2.683179e-01,8.383140e-07,4.324260e-06,14980
Eeg-eye-state,NaiveBayes,5.25,0.494353,0.434044,0.292478,0.445594,0.013866,2.683179e-01,8.383140e-07,4.324260e-06,14980
Eeg-eye-state,GradientBoost,5.4375,0.799971,0.806920,0.805204,0.806409,1.976133,1.121804e+01,2.574882e-05,1.328197e-04,14980
Eeg-eye-state,GradientBoost,5.4375,0.801219,0.813038,0.807914,0.810080,1.958817,1.121804e+01,2.574882e-05,1.328197e-04,14980
Eeg-eye-state,GradientBoost,5.4375,0.808824,0.816316,0.814169,0.815421,2.000917,1.121804e+01,2.574882e-05,1.328197e-04,14980
Eeg-eye-state,GradientBoost,5.4375,0.801759,0.814020,0.808504,0.810748,2.031043,1.121804e+01,2.574882e-05,1.328197e-04,14980
Eeg-eye-state,GradientBoost,5.4375,0.805836,0.815131,0.811789,0.813418,2.114351,1.121804e+01,2.574882e-05,1.328197e-04,14980
Eeg-eye-state,Neural,100.25,0.922581,0.924609,0.924467,0.924566,73.554623,4.485203e+02,1.029466e-03,5.310275e-03,14980
Eeg-eye-state,Neural,100.25,0.901754,0.903150,0.903162,0.903204,118.588717,4.485203e+02,1.029466e-03,5.310275e-03,14980
Eeg-eye-state,Neural,100.25,0.921829,0.923562,0.923487,0.923565,86.585729,4.485203e+02,1.029466e-03,5.310275e-03,14980
Eeg-eye-state,Neural,100.25,0.869733,0.872820,0.872569,0.872830,74.502967,4.485203e+02,1.029466e-03,5.310275e-03,14980
Eeg-eye-state,Neural,100.25,0.874167,0.876399,0.876362,0.876502,93.902641,4.485203e+02,1.029466e-03,5.310275e-03,14980
Electricity,Linear,1.1875,0.742392,0.760573,0.755441,0.759903,0.122993,2.028139e+00,4.649567e-06,2.398378e-05,45312
Electricity,Linear,1.1875,0.744838,0.764322,0.758218,0.762992,0.105706,2.028139e+00,4.649567e-06,2.398378e-05,45312
Electricity,Linear,1.1875,0.743752,0.764479,0.757476,0.762635,0.068786,2.028139e+00,4.649567e-06,2.398378e-05,45312
Electricity,Linear,1.1875,0.743124,0.761173,0.756138,0.760539,0.088658,2.028139e+00,4.649567e-06,2.398378e-05,45312
Electricity,Linear,1.1875,0.741217,0.760332,0.754555,0.759325,0.081635,2.028139e+00,4.649567e-06,2.398378e-05,45312
Electricity,Forest,3.375,0.899671,0.903667,0.903589,0.903785,3.977530,2.168454e+01,4.976147e-05,2.566837e-04,45312
Electricity,Forest,3.375,0.902092,0.907406,0.906992,0.907315,4.094402,2.168454e+01,4.976147e-05,2.566837e-04,45312
Electricity,Forest,3.375,0.899638,0.904666,0.904357,0.904657,4.054358,2.168454e+01,4.976147e-05,2.566837e-04,45312
Electricity,Forest,3.375,0.905437,0.909188,0.909121,0.909292,4.033120,2.168454e+01,4.976147e-05,2.566837e-04,45312
Electricity,Forest,3.375,0.905578,0.910430,0.910120,0.910395,3.892483,2.168454e+01,4.976147e-05,2.566837e-04,45312
Electricity,SupportVector,6.25,0.784673,0.798124,0.795473,0.797859,23.955537,1.509721e+02,3.467465e-04,1.788616e-03,45312
Electricity,SupportVector,6.25,0.787638,0.802116,0.798810,0.801390,24.073514,1.509721e+02,3.467465e-04,1.788616e-03,45312
Electricity,SupportVector,6.25,0.786580,0.801610,0.797988,0.800706,24.342189,1.509721e+02,3.467465e-04,1.788616e-03,45312
Electricity,SupportVector,6.25,0.790149,0.803681,0.800913,0.803244,24.286553,1.509721e+02,3.467465e-04,1.788616e-03,45312
Electricity,SupportVector,6.25,0.787100,0.802025,0.798461,0.801148,24.498802,1.509721e+02,3.467465e-04,1.788616e-03,45312
Electricity,Neighbors,6.25,0.831933,0.837076,0.837163,0.837471,0.084294,5.184276e+00,1.190289e-05,6.139846e-05,45312
Electricity,Neighbors,6.25,0.823545,0.830584,0.830365,0.831071,0.074118,5.184276e+00,1.190289e-05,6.139846e-05,45312
Electricity,Neighbors,6.25,0.829744,0.834950,0.835041,0.835356,0.075147,5.184276e+00,1.190289e-05,6.139846e-05,45312
Electricity,Neighbors,6.25,0.832356,0.837035,0.837138,0.837343,0.076944,5.184276e+00,1.190289e-05,6.139846e-05,45312
Electricity,Neighbors,6.25,0.832115,0.838103,0.838072,0.838557,0.073225,5.184276e+00,1.190289e-05,6.139846e-05,45312
Electricity,NaiveBayes,6.25,0.701267,0.766833,0.717364,0.737504,0.082799,1.409837e+00,3.234067e-06,1.668223e-05,45312
Electricity,NaiveBayes,6.25,0.684716,0.770119,0.698722,0.726139,0.040977,1.409837e+00,3.234067e-06,1.668223e-05,45312
Electricity,NaiveBayes,6.25,0.668150,0.765204,0.679492,0.712977,0.040072,1.409837e+00,3.234067e-06,1.668223e-05,45312
Electricity,NaiveBayes,6.25,0.699273,0.771841,0.715092,0.737144,0.036914,1.409837e+00,3.234067e-06,1.668223e-05,45312
Electricity,NaiveBayes,6.25,0.688221,0.768198,0.702879,0.728426,0.037760,1.409837e+00,3.234067e-06,1.668223e-05,45312
Electricity,GradientBoost,6.25,0.820974,0.828504,0.828162,0.828975,4.272889,2.233228e+01,5.128425e-05,2.645386e-04,45312
Electricity,GradientBoost,6.25,0.822488,0.832291,0.831030,0.832285,4.183285,2.233228e+01,5.128425e-05,2.645386e-04,45312
Electricity,GradientBoost,6.25,0.825201,0.834956,0.833687,0.834915,4.116386,2.233228e+01,5.128425e-05,2.645386e-04,45312
Electricity,GradientBoost,6.25,0.827570,0.835461,0.834931,0.835798,4.065440,2.233228e+01,5.128425e-05,2.645386e-04,45312
Electricity,GradientBoost,6.25,0.830138,0.838306,0.837646,0.838557,4.077122,2.233228e+01,5.128425e-05,2.645386e-04,45312
Electricity,Neural,102.375,0.828155,0.832064,0.832064,0.832064,130.505887,5.189054e+02,1.191673e-03,6.146987e-03,45312
Electricity,Neural,102.375,0.820281,0.828881,0.828162,0.829196,93.899737,5.189054e+02,1.191673e-03,6.146987e-03,45312
Electricity,Neural,102.375,0.817058,0.823119,0.823171,0.823659,68.098804,5.189054e+02,1.191673e-03,6.146987e-03,45312
Electricity,Neural,102.375,0.823799,0.829779,0.829803,0.830280,91.569366,5.189054e+02,1.191673e-03,6.146987e-03,45312
Electricity,Neural,102.375,0.821481,0.827986,0.827923,0.828515,132.768292,5.189054e+02,1.191673e-03,6.146987e-03,45312