timestamp,experiment_id,project_name,duration,emissions,energy_consumed,country_name,country_iso_code,region,on_cloud,cloud_provider,cloud_region
2022-01-24T12:30:24,906a8b65-34ea-44c4-acea-4a5424a7d8a4,adult_Linear,0.077789306640625,5.474221979393714e-07,9.177914997515084e-07,Spain,ESP,,N,,
2022-01-24T12:31:10,8b3f766f-48a9-4f33-8ae6-f9e96f136064,adult_SupportVector,45.58612632751465,0.00032099349914254164,0.0005381679919036572,Spain,ESP,,N,,
2022-01-24T12:31:13,f650c666-0d60-4498-b83e-7af5066ff8f3,adult_StochasticGradient,0.8245429992675781,5.805719004190807e-06,9.733692882841874e-06,Spain,ESP,,N,,
2022-01-24T12:31:14,c04fadb4-3f1c-44d2-80d2-e07b4af95cc0,adult_NaiveBayes,0.056488990783691406,3.9711549916237265e-07,6.657918347534181e-07,Spain,ESP,,N,,
2022-01-24T12:31:15,be29d01a-8429-4fb5-b7c0-8af28b856ed1,adult_DecisionTree,0.1546459197998047,1.0886495391421138e-06,1.825196890067816e-06,Spain,ESP,,N,,
2022-01-24T12:31:19,dc158fd8-5841-47f2-b2d3-2ea65943392a,adult_Forest,2.515995502471924,1.7716113411861094e-05,2.9702299905347675e-05,Spain,ESP,,N,,
2022-01-24T12:31:22,e357a008-5fa9-416b-b1c1-f5b11c8b668b,adult_AdaBoost,1.775885820388794,1.2504623868664929e-05,2.096487416376485e-05,Spain,ESP,,N,,
2022-01-24T12:31:47,aef08175-f194-44fc-995c-4f8368a58e1a,adult_Linear,0.07998847961425781,5.628992668431606e-07,9.437398853566887e-07,Spain,ESP,,N,,
2022-01-24T12:32:38,cb95ed27-e3cf-4760-bebe-30411ce607d0,adult_SupportVector,50.61755084991455,0.0003564222121898005,0.0005975667006230117,Spain,ESP,,N,,
2022-01-24T12:32:41,615fa348-1f02-408a-9bd1-0a3c97cda55e,adult_StochasticGradient,0.9683716297149658,6.818515964179975e-06,1.1431717632936455e-05,Spain,ESP,,N,,
2022-01-24T12:32:42,f76c35b1-eb84-4635-b725-befe2d7411ff,adult_NaiveBayes,0.06596040725708008,4.642012647980616e-07,7.782658003443719e-07,Spain,ESP,,N,,
2022-01-24T12:32:43,56eef4a3-20f0-4f0c-afc5-0fa63bf3a1ef,adult_DecisionTree,0.1647050380706787,1.1594639705805272e-06,1.9439222239665154e-06,Spain,ESP,,N,,
2022-01-24T12:32:47,57e37552-e2bf-42ca-ae14-7d42f1deb858,adult_Forest,2.6566998958587646,1.8706859032220012e-05,3.136335404638226e-05,Spain,ESP,,N,,
2022-01-24T12:32:51,9e025d56-e5ff-4fcd-ac49-a1cab92908ef,adult_AdaBoost,2.3276140689849854,1.638957297991761e-05,2.7478262339649133e-05,Spain,ESP,,N,,
2022-01-24T12:32:54,162251ff-e6d7-4e35-afbe-d584b29a2096,adult_Linear,0.06586456298828125,4.6340718153615765e-07,7.769344643652798e-07,Spain,ESP,,N,,
2022-01-24T12:33:45,8a50afe7-ef46-4f4c-a8eb-ef9b3c540631,adult_SupportVector,49.389683961868286,0.00034777607246718606,0.0005830708442749315,Spain,ESP,,N,,
2022-01-24T12:33:47,e9a0264f-9ed9-4a52-a6ed-152dcd5f72bb,adult_StochasticGradient,0.9040453433990479,6.365539309718255e-06,1.0672270674782801e-05,Spain,ESP,,N,,
2022-01-24T12:33:49,38909160-da45-489d-9a19-26bb657d611d,adult_NaiveBayes,0.05425572395324707,3.817593055119811e-07,6.400461049420954e-07,Spain,ESP,,N,,
2022-01-24T12:33:50,f8cb9a6f-09cf-487b-ac5d-818b83086248,adult_DecisionTree,0.1530604362487793,1.0775004758391456e-06,1.8065047077482583e-06,Spain,ESP,,N,,
2022-01-24T12:33:54,ea31ccd0-5f24-4b96-bca1-3f23ed579e0f,adult_Forest,2.647468090057373,1.864184829176765e-05,3.125435900525254e-05,Spain,ESP,,N,,
2022-01-24T12:33:57,2b32f753-d679-404c-bb35-6a10b079e0ff,adult_AdaBoost,2.1928913593292236,1.544090537832478e-05,2.5887754932187406e-05,Spain,ESP,,N,,
2022-01-24T12:34:00,b8372177-5940-4382-a88b-72545958274d,adult_Linear,0.06364607810974121,4.4748018807805507e-07,7.502317488607408e-07,Spain,ESP,,N,,
2022-01-24T12:34:49,06dd8056-55d4-4ff4-bfcf-edacbafd3d4f,adult_SupportVector,47.430230140686035,0.00033397865754461996,0.0005599385157319113,Spain,ESP,,N,,
2022-01-24T12:34:51,32f9e59f-3a8c-4a3d-8f0a-e2fb1f2b574a,adult_StochasticGradient,0.7361373901367188,5.183224879776684e-06,8.690038061785796e-06,Spain,ESP,,N,,
2022-01-24T12:34:52,fb359118-f8b2-4ede-bee6-67c4cd1bbbda,adult_NaiveBayes,0.05750846862792969,4.0468195426047194e-07,6.784775245161415e-07,Spain,ESP,,N,,
2022-01-24T12:34:54,38ada243-24cf-4419-965f-97123436e3c3,adult_DecisionTree,0.1480569839477539,1.0422821277033728e-06,1.7474586904768112e-06,Spain,ESP,,N,,
2022-01-24T12:34:57,e2c94ee1-f7da-4161-ad44-110396ab2712,adult_Forest,2.5579094886779785,1.801124209479217e-05,3.0197103728697566e-05,Spain,ESP,,N,,
2022-01-24T12:35:01,043b38c2-1233-48e7-a977-4e608fb75937,adult_AdaBoost,2.3340718746185303,1.643505229400847e-05,2.7554511582088047e-05,Spain,ESP,,N,,
2022-01-24T12:35:04,d26d3af6-25fe-4f3e-aba1-57fc650cdaab,adult_Linear,0.06365442276000977,4.4788814205827206e-07,7.509157121650101e-07,Spain,ESP,,N,,
2022-01-24T12:35:59,b194bf60-01b2-4c28-b379-26feec8dd2d0,adult_SupportVector,53.185646295547485,0.0003745052995133309,0.0006278842578891833,Spain,ESP,,N,,
2022-01-24T12:36:01,947e5fcb-b974-4c60-ba0f-44f6c62d72a0,adult_StochasticGradient,1.3081550598144531,9.211075401712794e-06,1.544301042063059e-05,Spain,ESP,,N,,
2022-01-24T12:36:02,e5a4e2e4-5e89-4528-9b07-3f159836a7b1,adult_NaiveBayes,0.06226658821105957,4.3779002193067774e-07,7.339855093864919e-07,Spain,ESP,,N,,
2022-01-24T12:36:04,9d91bb8d-0d71-48b4-9049-1a3d0e169ce4,adult_DecisionTree,0.15038847923278809,1.0586691186535718e-06,1.7749326238635304e-06,Spain,ESP,,N,,
2022-01-24T12:36:08,94d072ca-f1b1-4521-8d73-fd7f91ed19ae,adult_Forest,2.739607810974121,1.9290661323786145e-05,3.2342139310757296e-05,Spain,ESP,,N,,
2022-01-24T12:36:11,14c70799-cf44-4ac0-b18a-e362d3b6998d,adult_AdaBoost,1.8488242626190186,1.301820938976778e-05,2.1825936114555256e-05,Spain,ESP,,N,,
2022-01-24T12:36:14,33decaea-6179-4beb-8aaa-f487ec293600,adult_Linear,0.0847921371459961,5.966536813544508e-07,1.0003315157914162e-06,Spain,ESP,,N,,
2022-01-24T12:37:04,041ca0e8-a4cd-4f8a-9d2a-f7dd0875a1a7,adult_SupportVector,48.97698211669922,0.0003448702011566934,0.0005781989483266468,Spain,ESP,,N,,
2022-01-24T12:37:06,6fcdc81c-5202-481d-9c7a-fb5a6e3e3e43,adult_StochasticGradient,0.7647502422332764,5.384718890721654e-06,9.02785682615496e-06,Spain,ESP,,N,,
2022-01-24T12:37:07,535e42e8-fec6-465a-879f-c48738d9a934,adult_NaiveBayes,0.05767488479614258,4.0584202092849646e-07,6.804224572044134e-07,Spain,ESP,,N,,
2022-01-24T12:37:09,18fbf9aa-eb60-4706-8e59-0b7ba668661a,adult_DecisionTree,0.15179157257080078,1.0685825682551419e-06,1.791553213623655e-06,Spain,ESP,,N,,
2022-01-24T12:37:12,e9056955-0d73-4540-a124-21114727e439,adult_Forest,2.586137056350708,1.8209981157253457e-05,3.053030362976506e-05,Spain,ESP,,N,,
2022-01-24T12:37:16,8cda3a03-956c-4ad9-8cad-6be9eb4c112e,adult_AdaBoost,2.0922415256500244,1.473222719823814e-05,2.4699606530110877e-05,Spain,ESP,,N,,
2022-01-24T12:37:19,62616f72-53d2-4ab5-9769-a0735bfc33fc,adult_Linear,0.06487393379211426,4.5646692740357666e-07,7.652986442012908e-07,Spain,ESP,,N,,
2022-01-24T12:38:11,8e64e269-5273-45c6-9d08-a8f9cb36f394,adult_SupportVector,50.558170557022095,0.0003560040308200877,0.000596865590386851,Spain,ESP,,N,,
2022-01-24T12:38:13,27a7fdb2-d7a7-4810-8f7b-dc31f247001a,adult_StochasticGradient,1.3816380500793457,9.728503748579912e-06,1.6310515136867382e-05,Spain,ESP,,N,,
2022-01-24T12:38:15,cb08a816-a2d5-468b-91e3-956ee0c3eb64,adult_NaiveBayes,0.06435871124267578,4.5286585214610534e-07,7.592611903426171e-07,Spain,ESP,,N,,
2022-01-24T12:38:16,6860443f-13c2-4cf7-8df9-9df2c917418f,adult_DecisionTree,0.16309475898742676,1.1481537402730286e-06,1.924959833921814e-06,Spain,ESP,,N,,
2022-01-24T12:38:20,7a7517c8-eaf4-446d-8f03-56ef19ba1f33,adult_Forest,2.7078280448913574,1.906687422270413e-05,3.196694462574043e-05,Spain,ESP,,N,,
2022-01-24T12:38:24,21d55514-edc5-43b0-abc0-6faa8b25fa06,adult_AdaBoost,2.2332403659820557,1.572505455907224e-05,2.6364150854261903e-05,Spain,ESP,,N,,
2022-01-24T12:38:27,e8b8e5e1-50cd-4d71-a381-d98a11dcd8d7,adult_Linear,0.07175374031066895,5.047330876144389e-07,8.462202285541416e-07,Spain,ESP,,N,,
2022-01-24T12:39:26,6dc707ec-da24-4428-8ae5-31f1302d7280,adult_SupportVector,57.55432319641113,0.0004052674185867724,0.0006794590962976822,Spain,ESP,,N,,
2022-01-24T12:39:28,5484a41d-0479-4c21-b39b-cd1e1f8a669c,adult_StochasticGradient,0.6230320930480957,4.386801338661143e-06,7.354778441351487e-06,Spain,ESP,,N,,
2022-01-24T12:39:29,723c7ae8-0e20-4e83-be0f-01406a124ea1,adult_NaiveBayes,0.056563615798950195,3.9801534827099943e-07,6.673004945521355e-07,Spain,ESP,,N,,
2022-01-24T12:39:30,0fcfd550-e55a-4ac0-9b2d-85f6ed25f0be,adult_DecisionTree,0.1649618148803711,1.1612922087881664e-06,1.946987392848611e-06,Spain,ESP,,N,,
2022-01-24T12:39:34,053d089e-1162-4a66-8e00-532766dc4e33,adult_Forest,2.8264811038970947,1.9902379083595274e-05,3.336772680485821e-05,Spain,ESP,,N,,
2022-01-24T12:39:38,ec6c7645-de93-4a79-a236-ff80b2b79380,adult_AdaBoost,2.1428756713867188,1.5088696714622591e-05,2.529725253951588e-05,Spain,ESP,,N,,
2022-01-24T12:39:41,d635647c-bfca-450e-b991-eb9e7aa49dc5,adult_Linear,0.07031798362731934,4.947894191995193e-07,8.295489748455525e-07,Spain,ESP,,N,,
2022-01-24T12:40:33,5b17bfcc-29fd-4b89-8c93-cfd8bda023e5,adult_SupportVector,50.994446754455566,0.00035907613582281535,0.0006020161887156382,Spain,ESP,,N,,
2022-01-24T12:40:35,07cacae5-2295-4157-93c1-1e2a464d7b3b,adult_StochasticGradient,0.9623422622680664,6.776041743194418e-06,1.1360506638705948e-05,Spain,ESP,,N,,
2022-01-24T12:40:37,9cb4fcd6-9d8a-4e1d-b7d5-174cf69b19dc,adult_NaiveBayes,0.058120012283325195,4.089763834020158e-07,6.856774345256925e-07,Spain,ESP,,N,,
2022-01-24T12:40:38,63b67ff8-d09a-4dfd-9346-031482c50e19,adult_DecisionTree,0.15878701210021973,1.1178190881391132e-06,1.8741016736549737e-06,Spain,ESP,,N,,
2022-01-24T12:40:42,4f039413-a131-4feb-87b5-d3f907988df9,adult_Forest,2.6249806880950928,1.848351681922342e-05,3.0988905247273343e-05,Spain,ESP,,N,,
2022-01-24T12:40:45,908e8520-4e62-4344-9acf-3f5d3e50204d,adult_AdaBoost,2.015871286392212,1.4194451517049088e-05,2.3797988088574725e-05,Spain,ESP,,N,,
2022-01-24T12:40:48,494b5020-9fbb-410b-8750-0b77015e0d1f,adult_Linear,0.07899284362792969,5.558700350934952e-07,9.3195488801111e-07,Spain,ESP,,N,,
2022-01-24T12:41:39,be2851a7-cae0-4387-ba8f-3dee440d68a6,adult_SupportVector,49.93826961517334,0.0003516389870270381,0.0005895472899883938,Spain,ESP,,N,,
2022-01-24T12:41:41,fae8e61a-79ab-4fe7-9ed5-39b5368f7d89,adult_StochasticGradient,0.8438742160797119,5.941849721861005e-06,9.961925526682556e-06,Spain,ESP,,N,,
2022-01-24T12:41:43,5473a2e1-4f04-4bc7-afa2-8b5eb9d8c214,adult_NaiveBayes,0.0543217658996582,3.8222937594186073e-07,6.40834210807097e-07,Spain,ESP,,N,,
2022-01-24T12:41:44,0fb86be2-6608-47da-a7ea-5144ceca4052,adult_DecisionTree,0.14430475234985352,1.0158608118982057e-06,1.7031615115361097e-06,Spain,ESP,,N,,
2022-01-24T12:41:48,c52182a6-12c5-4b1f-ad4c-87cb4f17006a,adult_Forest,2.5937328338623047,1.8263488602757478e-05,3.062001259451268e-05,Spain,ESP,,N,,
2022-01-24T12:41:51,aafdbebb-7936-47c8-a38d-da1a0c1a20df,adult_AdaBoost,1.835339069366455,1.2923260199400972e-05,2.1666747173816327e-05,Spain,ESP,,N,,
2022-01-24T12:47:36,62991fe3-57c9-4eba-bdf1-cd07658665cc,adult-medload_Linear,0.5170414447784424,3.6399450455534517e-06,6.1026217697178015e-06,Spain,ESP,,N,,
2022-01-24T12:52:31,d74c5395-7311-4c3a-8e3b-34fc0f376857,adult-medload_SupportVector,292.454519033432,0.002059311605200824,0.0034525795514091947,Spain,ESP,,N,,
2022-01-24T12:52:36,e87896ff-2c2e-4540-a3bc-e71a98661089,adult-medload_StochasticGradient,3.818776845932007,2.6889601646236117e-05,4.508229281807997e-05,Spain,ESP,,N,,
2022-01-24T12:52:38,9053775a-d1d8-4a6d-90c7-49d98b32b58d,adult-medload_NaiveBayes,0.2943840026855469,2.0726194300189094e-06,3.4748910479911694e-06,Spain,ESP,,N,,
2022-01-24T12:52:41,0ad8b934-7413-4d50-8f3e-0faae22528ff,adult-medload_DecisionTree,0.7054979801177979,4.967465910107828e-06,8.328303099077631e-06,Spain,ESP,,N,,
2022-01-24T12:52:55,3319168c-778d-45db-8028-3c733a9dd39f,adult-medload_Forest,12.055609226226807,8.488924667341208e-05,0.00014232274341530348,Spain,ESP,,N,,
2022-01-24T12:53:05,9ed00f17-dbac-4d84-9114-b92c36ca6a6e,adult-medload_AdaBoost,9.0695059299469,6.386261021561132e-05,0.00010707012070110359,Spain,ESP,,N,,
2022-01-24T13:00:01,4c02a136-b581-4326-9c4c-ee18901957c0,adult-medload_Linear,0.46466994285583496,3.271562601417476e-06,5.485002905962611e-06,Spain,ESP,,N,,
2022-01-24T13:06:05,4e27b65f-e26a-4945-9bba-8837a1b0a93e,adult-medload_SupportVector,362.72340655326843,0.002554107659108696,0.004282139649806099,Spain,ESP,,N,,
2022-01-24T13:06:16,1d5f9cac-0f47-4ce7-b2f8-87219e4c904f,adult-medload_StochasticGradient,8.83776068687439,6.223072714182465e-05,0.00010433415489747418,Spain,ESP,,N,,
2022-01-24T13:06:20,0b404c17-6eb5-4ecb-8de5-0512f59cb56b,adult-medload_NaiveBayes,0.5807681083679199,4.089075516604977e-06,6.855620333097459e-06,Spain,ESP,,N,,
2022-01-24T13:06:24,7482f467-efbc-4151-b422-7bd5c4f50691,adult-medload_DecisionTree,1.9660334587097168,1.3843416350598635e-05,2.32094531459019e-05,Spain,ESP,,N,,
2022-01-24T13:06:46,b9195840-7f46-4a0f-8baf-454f083d5da1,adult-medload_Forest,19.740440607070923,0.00013900167953598012,0.0002330460116698355,Spain,ESP,,N,,
2022-01-24T13:07:01,a43b603b-985e-42d6-a828-c0b753763a4f,adult-medload_AdaBoost,12.460960388183594,8.774348746247424e-05,0.00014710807719297284,Spain,ESP,,N,,
2022-01-24T13:07:10,44afa2a3-6973-4bf9-ba17-af44fa370356,adult-medload_Linear,0.340620756149292,2.3980945168446515e-06,4.020572734254528e-06,Spain,ESP,,N,,
2022-01-24T13:13:22,30a5b866-8e7e-4b53-8a21-b7bd554bf33e,adult-medload_SupportVector,369.87106585502625,0.002604438338428777,0.004366522544454089,Spain,ESP,,N,,
2022-01-24T13:13:31,bc0597e8-091e-4986-991e-7e73a0fc6053,adult-medload_StochasticGradient,6.783978223800659,4.776903722774302e-05,8.00881229953184e-05,Spain,ESP,,N,,
2022-01-24T13:13:33,31fc0494-28e2-486f-b6a7-e9633d1d2fa8,adult-medload_NaiveBayes,0.46175527572631836,3.2511514718229134e-06,5.4507822234387164e-06,Spain,ESP,,N,,
2022-01-24T13:13:36,f61d02c6-0d47-45c1-8e96-9368eb6de554,adult-medload_DecisionTree,1.0063464641571045,7.085876915288876e-06,1.1879966916975178e-05,Spain,ESP,,N,,
2022-01-24T13:13:57,d17ec641-fb98-405f-8dcd-51d4ea7cc438,adult-medload_Forest,18.39072608947754,0.00012949491304564337,0.00021710725451348084,Spain,ESP,,N,,
2022-01-24T13:14:13,cd40d8e5-dd9e-40de-8a65-ef0ea8b1cf2a,adult-medload_AdaBoost,14.220775365829468,0.00010013518026800648,0.00016788361455199864,Spain,ESP,,N,,
2022-01-24T13:14:26,041e843f-a357-44f6-a502-d3b61d5a62b7,adult-medload_Linear,0.44431614875793457,3.1282280544093717e-06,5.244692539740778e-06,Spain,ESP,,N,,
2022-01-24T13:20:33,dbe0971f-dc38-45c4-a194-7c839f5c50cc,adult-medload_SupportVector,364.85091733932495,0.002569088721446638,0.004307256445805177,Spain,ESP,,N,,
2022-01-24T13:20:44,b59a3068-435f-4a83-8437-962cf1850848,adult-medload_StochasticGradient,9.01016640663147,6.344474278579271e-05,0.00010636953680707414,Spain,ESP,,N,,
2022-01-24T13:20:46,361ef77e-fb8b-4046-b0ef-6e9a8d22ab90,adult-medload_NaiveBayes,0.38842225074768066,2.7347572799015304e-06,4.585011340104926e-06,Spain,ESP,,N,,
2022-01-24T13:20:49,e5b1dc6c-9f4c-4eff-a646-70dd53542842,adult-medload_DecisionTree,1.079162359237671,7.598587769627559e-06,1.273956242792392e-05,Spain,ESP,,N,,
2022-01-24T13:21:10,82412009-21d7-4838-b8aa-fcd2fb37e6d8,adult-medload_Forest,18.326371669769287,0.0001290444395162207,0.00021635200421905827,Spain,ESP,,N,,
2022-01-24T13:21:26,fd701a95-7f0d-4eae-9d9f-45fcd94c0a32,adult-medload_AdaBoost,14.034642219543457,9.882455675658332e-05,0.0001656862628138218,Spain,ESP,,N,,
2022-01-24T13:21:39,2bba74b8-7cdf-4463-a384-49e842293b3d,adult-medload_Linear,0.41544294357299805,2.9249696005293886e-06,4.9039155637140526e-06,Spain,ESP,,N,,
2022-01-24T13:27:06,7603a2ff-cbff-4f06-bdb5-06245c6a2681,adult-medload_SupportVector,325.10213708877563,0.0022891993793723725,0.0038380024404072208,Spain,ESP,,N,,
2022-01-24T13:27:14,8cf0a775-e6d6-4e57-8445-53dfc8a0ceb0,adult-medload_StochasticGradient,6.806259870529175,4.792593330665316e-05,8.035117021574553e-05,Spain,ESP,,N,,
2022-01-24T13:27:16,7e6ac32d-76a8-4400-b06e-f6c1df47a337,adult-medload_NaiveBayes,0.3035085201263428,2.1368612695538264e-06,3.582596973098863e-06,Spain,ESP,,N,,
2022-01-24T13:27:19,916a9730-5284-49f1-836e-9351bdf3f65b,adult-medload_DecisionTree,0.7057962417602539,4.969557723520793e-06,8.331810170176889e-06,Spain,ESP,,N,,
2022-01-24T13:27:32,5e430f79-345c-408c-8980-c00559da7789,adult-medload_Forest,11.897035360336304,8.377262626486917e-05,0.00014045065141160426,Spain,ESP,,N,,
2022-01-24T13:27:44,ef63cd43-628d-4a6e-b7c3-18d29b21d0c2,adult-medload_AdaBoost,9.646644592285156,6.792651513951919e-05,0.000113883540779794,Spain,ESP,,N,,
2022-01-24T13:27:54,ceaca4dd-006c-44a7-a76b-de2e497bebe7,adult-medload_Linear,0.3323638439178467,2.33995016231446e-06,3.923089668081427e-06,Spain,ESP,,N,,
2022-01-24T13:32:14,3154a156-ef89-4c53-b17c-9ebbcadd134b,adult-medload_SupportVector,258.6292316913605,0.0018211319531708473,0.0030532547507895916,Spain,ESP,,N,,
2022-01-24T13:32:21,d0120792-0d52-4e91-8d8f-33f506f4ca14,adult-medload_StochasticGradient,5.5285866260528564,3.8929221772726254e-05,6.526755577220233e-05,Spain,ESP,,N,,
2022-01-24T13:32:23,a5065d4a-04a7-47d1-8d4e-c1c2d55aab19,adult-medload_NaiveBayes,0.2986569404602051,2.1025444493496437e-06,3.5250624302899362e-06,Spain,ESP,,N,,
2022-01-24T13:32:26,38bb089e-7300-450d-be54-9a3d215b140b,adult-medload_DecisionTree,0.7168962955474854,5.047723720717931e-06,8.462860916871453e-06,Spain,ESP,,N,,
2022-01-24T13:32:40,f3143c96-69af-43e6-b692-7d9fefe44c18,adult-medload_Forest,11.941066265106201,8.408269982982449e-05,0.0001409705113721336,Spain,ESP,,N,,
2022-01-24T13:32:50,ac48643a-7525-4bbf-ba78-ce984cc03350,adult-medload_AdaBoost,9.088049411773682,6.399317395633336e-05,0.0001072890199197716,Spain,ESP,,N,,
2022-01-24T13:33:00,66ab1dc1-c880-457d-89e8-3536438d9692,adult-medload_Linear,0.3128044605255127,2.202241351058237e-06,3.6922112402653815e-06,Spain,ESP,,N,,
2022-01-24T13:37:22,b408c470-cba7-4a51-949f-b706bc77445c,adult-medload_SupportVector,260.2944440841675,0.0018328570273480067,0.003072912655518812,Spain,ESP,,N,,
2022-01-24T13:37:30,b46eb37c-cc1b-47eb-bd95-3ab8fa1b5006,adult-medload_StochasticGradient,6.275148153305054,4.4186120119448805e-05,7.408111254034432e-05,Spain,ESP,,N,,
2022-01-24T13:37:32,547fb3c3-70b3-4274-9f08-beaf54fcf262,adult-medload_NaiveBayes,0.288769006729126,2.033057966875641e-06,3.408563495459867e-06,Spain,ESP,,N,,
2022-01-24T13:37:35,ab301af1-bc6c-4afd-8429-9eba423b9e3d,adult-medload_DecisionTree,1.1901013851165771,8.37978606528389e-06,1.4049295862323585e-05,Spain,ESP,,N,,
2022-01-24T13:37:49,50cae6ee-123e-4855-b532-44bca6354685,adult-medload_Forest,12.111458539962769,8.528248744917388e-05,0.00014298203900599824,Spain,ESP,,N,,
2022-01-24T13:38:00,bc86c1c1-d572-46e4-ae62-4d5c8b968989,adult-medload_AdaBoost,9.302215814590454,6.550121697536822e-05,0.00010981735923326631,Spain,ESP,,N,,
2022-01-24T13:38:09,4853ac96-8861-4e1c-8a7d-f44905335ccc,adult-medload_Linear,0.3500194549560547,2.464283791017641e-06,4.131543669374371e-06,Spain,ESP,,N,,
2022-01-24T13:42:34,94f186c8-b030-4df0-b07d-77ffdd873bce,adult-medload_SupportVector,262.6428120136261,0.0018493932975573286,0.003100636865996281,Spain,ESP,,N,,
2022-01-24T13:42:40,ea4b8306-b8d3-4dd1-aed4-d384b0498bd6,adult-medload_StochasticGradient,5.246290445327759,3.69414097635495e-05,6.193485028091268e-05,Spain,ESP,,N,,
2022-01-24T13:42:43,2c203e85-6488-471d-af57-26af19049877,adult-medload_NaiveBayes,0.29921984672546387,2.1066424562044163e-06,3.5319330246344687e-06,Spain,ESP,,N,,
2022-01-24T13:42:45,e9b8b25a-bb25-484b-a78f-448843f17714,adult-medload_DecisionTree,1.0515484809875488,7.404163282183386e-06,1.2413596212831617e-05,Spain,ESP,,N,,
2022-01-24T13:42:59,0e3c04f9-84b8-475c-8963-3156c36dd88e,adult-medload_Forest,12.347757339477539,8.694638231923536e-05,0.00014577167481903425,Spain,ESP,,N,,
2022-01-24T13:43:11,720cdcf2-2178-4878-ae67-b36a54e0bd47,adult-medload_AdaBoost,9.578181266784668,6.744441258545754e-05,0.00011307526221931208,Spain,ESP,,N,,
2022-01-24T13:43:20,79271803-354e-4a7d-939d-5d33b9efeba3,adult-medload_Linear,0.30197739601135254,2.12599592733175e-06,3.56438046896211e-06,Spain,ESP,,N,,
2022-01-24T13:47:38,cc818429-d3a2-4ef5-b43e-78a33ba1e349,adult-medload_SupportVector,255.76966047286987,0.0018009961068929602,0.0030194955999482244,Spain,ESP,,N,,
2022-01-24T13:47:44,fe06455f-739e-4308-b4e1-1fc7319cae5f,adult-medload_StochasticGradient,4.306646108627319,3.0324898172495508e-05,5.084180707014168e-05,Spain,ESP,,N,,
2022-01-24T13:47:46,bf188acd-c54f-44ba-a38e-a4c6b62d1554,adult-medload_NaiveBayes,0.30368924140930176,2.1380968832552243e-06,3.5846685656582958e-06,Spain,ESP,,N,,
2022-01-24T13:47:48,c6cb9d33-7085-40cd-8865-af75774b540c,adult-medload_DecisionTree,0.7379860877990723,5.19623240010064e-06,8.711846076935912e-06,Spain,ESP,,N,,
2022-01-24T13:48:03,0118738f-3ce6-4b98-8234-6ac7e6e4e7ba,adult-medload_Forest,13.01717233657837,9.166008070777262e-05,0.00015367451896689072,Spain,ESP,,N,,
2022-01-24T13:48:14,205be4f0-9c7c-4ce4-b255-f6796c4386c6,adult-medload_AdaBoost,9.217559337615967,6.490510891147702e-05,0.00010881794248321105,Spain,ESP,,N,,
2022-01-24T13:48:24,79b072be-7c53-4d97-841a-6b564756c833,adult-medload_Linear,0.33310961723327637,2.3452099146602213e-06,3.9319080097780355e-06,Spain,ESP,,N,,
2022-01-24T13:52:37,663fd598-8781-4938-bef8-1d134d9c75b3,adult-medload_SupportVector,251.77745699882507,0.0017728854452615998,0.002972366114891225,Spain,ESP,,N,,
2022-01-24T13:52:44,0f2b84f3-aa66-43a5-8184-55f4627d3b75,adult-medload_StochasticGradient,5.0484254360198975,3.5548154585845344e-05,5.959896079032378e-05,Spain,ESP,,N,,
2022-01-24T13:52:46,9d7bcdcf-a910-4479-a214-ca2d74045209,adult-medload_NaiveBayes,0.28223252296447754,1.987048144728201e-06,3.331424819259024e-06,Spain,ESP,,N,,
2022-01-24T13:52:49,c514ccf4-f8f2-401b-9d78-6f10e78ad248,adult-medload_DecisionTree,0.7352657318115234,5.177073672437115e-06,8.679725133609487e-06,Spain,ESP,,N,,
2022-01-24T13:53:02,2e92265c-c192-4477-b38a-fbf71edfa9c7,adult-medload_Forest,12.158734560012817,8.561540475819839e-05,0.00014354019809690287,Spain,ESP,,N,,
2022-01-24T13:53:14,88598704-9e80-443d-9538-26b805cf7998,adult-medload_AdaBoost,10.077303886413574,7.095900159912282e-05,0.00011896771585748057,Spain,ESP,,N,,
2022-01-24T14:22:20,26f9360c-d36f-4172-9e2a-f286a77b0a2e,adult-highload_Linear,0.14212369918823242,1.000412282984802e-06,1.6772609752155904e-06,Spain,ESP,,N,,
2022-01-24T14:24:29,40ddb9ad-8b7c-4336-a5c8-57a0548b2951,adult-highload_SupportVector,127.27145290374756,0.0008961790236726355,0.0015025066452885156,Spain,ESP,,N,,
2022-01-24T14:24:32,7c873c7e-d9c1-4bfd-9d5a-14a9a85738ca,adult-highload_StochasticGradient,1.3976984024047852,9.841609409300825e-06,1.6500144666642003e-05,Spain,ESP,,N,,
2022-01-24T14:24:33,bafbabcc-9cfb-4ca8-87f4-2e0c14073fcb,adult-highload_NaiveBayes,0.1303272247314453,9.169982852026488e-07,1.5374115894710423e-06,Spain,ESP,,N,,
2022-01-24T14:24:35,82f087b0-a59e-4064-95ba-692fa8af9dc2,adult-highload_DecisionTree,0.31662845611572266,2.2292687219533563e-06,3.737524512839175e-06,Spain,ESP,,N,,
2022-01-24T14:24:43,9ff93aad-1ba1-4929-8985-cbfcf8aec00d,adult-highload_Forest,6.094059228897095,4.291096006431413e-05,7.194321776035426e-05,Spain,ESP,,N,,
2022-01-24T14:24:50,7f221b50-ca8a-4fb3-a6be-1a1656a22d7c,adult-highload_AdaBoost,5.548630714416504,3.9070372171058386e-05,6.550420426081571e-05,Spain,ESP,,N,,
2022-01-24T14:25:56,b0d1a9cd-977e-44b7-8e5a-eb31054a8b47,adult-highload_Linear,0.40944671630859375,2.882755597103227e-06,4.833140842373098e-06,Spain,ESP,,N,,
2022-01-24T14:31:03,a328f5c2-102c-4537-ac1c-d3cc54f55a44,adult-highload_SupportVector,305.23815751075745,0.0021493262530546684,0.0036034953874208974,Spain,ESP,,N,,
2022-01-24T14:31:11,a6dd8e76-3aa3-4f5e-bafb-dcc52217e404,adult-highload_StochasticGradient,6.028221607208252,4.244737492754381e-05,7.11659849416258e-05,Spain,ESP,,N,,
2022-01-24T14:31:12,b5486ae9-4bb3-4b33-b14d-e8d1b7d98995,adult-highload_NaiveBayes,0.06921124458312988,4.870802641494922e-07,8.166240386595249e-07,Spain,ESP,,N,,
2022-01-24T14:31:15,f64244a6-6fc4-4726-8220-72685cef2d0d,adult-highload_DecisionTree,0.7035799026489258,4.953949706425823e-06,8.30564224079503e-06,Spain,ESP,,N,,
2022-01-24T14:31:31,1e6feab3-95a2-4cb7-8785-7e71f3a3b5c9,adult-highload_Forest,14.840854406356812,0.00010450151507591526,0.00017520407942692073,Spain,ESP,,N,,
2022-01-24T14:31:44,4bc01195-eb82-4b81-ba64-76a7c18d8a8c,adult-highload_AdaBoost,11.278589010238647,7.941783504365986e-05,0.00013314954016499557,Spain,ESP,,N,,
2022-01-24T14:31:55,864ee824-d852-448e-ac02-b3f715c9b102,adult-highload_Linear,0.3377828598022461,2.3780527283021377e-06,3.98697127776742e-06,Spain,ESP,,N,,
2022-01-24T14:36:42,49f81dcf-57e9-4163-ab04-b35d80c15aa7,adult-highload_SupportVector,286.0052947998047,0.0020138991116215696,0.0033764423382189918,Spain,ESP,,N,,
2022-01-24T14:36:48,d6fc26cc-2fb3-431d-9104-132253653d73,adult-highload_StochasticGradient,4.266008377075195,3.0038767980650698e-05,5.0362089844778966e-05,Spain,ESP,,N,,
2022-01-24T14:36:50,17020a7a-1652-42ee-9dad-7b596463f95b,adult-highload_NaiveBayes,0.0694427490234375,4.887003283096134e-07,8.193401892299773e-07,Spain,ESP,,N,,
2022-01-24T14:36:53,1f6cacc5-375c-4087-ac08-9dea8649c086,adult-highload_DecisionTree,0.5895748138427734,4.15119532391358e-06,6.959768523157431e-06,Spain,ESP,,N,,
2022-01-24T14:37:08,67ced669-9bca-490b-9618-bf8e826f92aa,adult-highload_Forest,13.82524061203003,9.735009187564854e-05,0.00016321421959106244,Spain,ESP,,N,,
2022-01-24T14:37:20,3f8955a7-d6f9-4881-8c02-5d8d3df870ba,adult-highload_AdaBoost,10.40425968170166,7.326127393765945e-05,0.0001228276360258183,Spain,ESP,,N,,
2022-01-24T14:37:31,f5bf2860-2960-4652-a4a5-98ec666064de,adult-highload_Linear,0.3181149959564209,2.2360410937895518e-06,3.748878866622806e-06,Spain,ESP,,N,,
2022-01-24T14:41:20,fda5d6a6-fd43-4078-b84b-743dda32e8ed,adult-highload_SupportVector,227.24428820610046,0.0016001346378278424,0.002682737336162979,Spain,ESP,,N,,
2022-01-24T14:41:24,02eb0565-1ae5-4783-82e9-38b7f5e58470,adult-highload_StochasticGradient,2.883563995361328,2.0304198644702376e-05,3.4041405327589257e-05,Spain,ESP,,N,,
2022-01-24T14:41:26,60186bdc-3a39-4bcf-8f37-ce731bf254e1,adult-highload_NaiveBayes,0.08855652809143066,6.20670922675376e-07,1.040598096165395e-06,Spain,ESP,,N,,
2022-01-24T14:41:28,6fa37721-aa42-4aee-a28a-288c61ad63d3,adult-highload_DecisionTree,0.39500927925109863,2.781186807789934e-06,4.662853682256663e-06,Spain,ESP,,N,,
2022-01-24T14:41:39,39a675da-1e34-4985-b052-a1fb783aaf93,adult-highload_Forest,9.262137651443481,6.521901522925883e-05,0.00010934422832120396,Spain,ESP,,N,,
2022-01-24T14:41:48,f924be35-09aa-4fa3-b5f6-ba9940fcbeac,adult-highload_AdaBoost,7.38244891166687,5.198316994574861e-05,8.715341044980814e-05,Spain,ESP,,N,,
2022-01-24T14:41:54,6642b95a-85be-47d1-beb2-ed69a560fd23,adult-highload_Linear,0.2651069164276123,1.8663810653780813e-06,3.129118043713093e-06,Spain,ESP,,N,,
2022-01-24T14:45:49,7f9114a7-0cf1-4c41-bb76-0f5efa24df96,adult-highload_SupportVector,233.53922390937805,0.0016444612384952607,0.002757053974141079,Spain,ESP,,N,,
2022-01-24T14:45:53,8f44dee2-3cc3-406c-8fd7-12b9c6af5541,adult-highload_StochasticGradient,2.197401523590088,1.5472677102915756e-05,2.5941022444670106e-05,Spain,ESP,,N,,
2022-01-24T14:45:55,72c3e889-1bdb-459c-bcef-698a2604a305,adult-highload_NaiveBayes,0.22209882736206055,1.555817284117309e-06,2.608436201353109e-06,Spain,ESP,,N,,
2022-01-24T14:45:57,439358ed-fb02-4f4a-a1d4-00c358a71458,adult-highload_DecisionTree,0.5042102336883545,3.550099476996766e-06,5.951989406941748e-06,Spain,ESP,,N,,
2022-01-24T14:46:11,6e233abb-c2ca-4282-8628-5a76684af4cd,adult-highload_Forest,12.121169328689575,8.535057379329603e-05,0.00014309619051121612,Spain,ESP,,N,,
2022-01-24T14:46:24,ff492de4-620d-45fa-8016-bd5d8cbe391f,adult-highload_AdaBoost,11.320255756378174,7.971121775070853e-05,0.00013364141673798976,Spain,ESP,,N,,
2022-01-24T14:46:34,4802a1df-fdfc-4dd7-8afd-333c5a1c0845,adult-highload_Linear,0.36749839782714844,2.587380127196461e-06,4.337923263444079e-06,Spain,ESP,,N,,
2022-01-24T14:50:54,7a2fdddd-eb35-475f-a5b1-929931cf93ef,adult-highload_SupportVector,258.3900053501129,0.0018194472996548375,0.0030504303116586236,Spain,ESP,,N,,
2022-01-24T14:51:00,5e551ca6-4af5-4c9b-a70a-1b1208733b34,adult-highload_StochasticGradient,4.169658660888672,2.9360194453951927e-05,4.922441399402818e-05,Spain,ESP,,N,,
2022-01-24T14:51:02,d31f52d2-58b6-4c46-a3fb-03aa46a43ef9,adult-highload_NaiveBayes,0.0904397964477539,6.36535799683816e-07,1.0671966691092016e-06,Spain,ESP,,N,,
2022-01-24T14:51:04,f3750cd1-bb51-4815-8644-0d1388a94a6b,adult-highload_DecisionTree,0.43993473052978516,3.0975307765152635e-06,5.193226412092365e-06,Spain,ESP,,N,,
2022-01-24T14:51:15,480ec27e-69f7-4011-8070-f650a6d5a6ee,adult-highload_Forest,9.671657800674438,6.81026606025329e-05,0.00011417886093539295,Spain,ESP,,N,,
2022-01-24T14:51:25,2c2dc3f5-8cc4-4d6c-b30c-531e4fa8801f,adult-highload_AdaBoost,7.997900009155273,5.631687011406298e-05,9.441916107505248e-05,Spain,ESP,,N,,
2022-01-24T14:51:32,c2eac487-494e-4980-bea3-bde5710abb0c,adult-highload_Linear,0.23184823989868164,1.632188619566086e-06,2.73647807244165e-06,Spain,ESP,,N,,
2022-01-24T14:55:13,675cacd1-c7fb-47ef-bc2d-3bb69be65138,adult-highload_SupportVector,219.24415969848633,0.0015438026196941768,0.0025882927783764274,Spain,ESP,,N,,
2022-01-24T14:55:17,dda00511-2d79-4137-9914-7a86406df130,adult-highload_StochasticGradient,2.7558419704437256,1.9404963985280288e-05,3.2533775695823866e-05,Spain,ESP,,N,,
2022-01-24T14:55:19,348e8296-ab8b-4c56-abcd-999889ef9d9b,adult-highload_NaiveBayes,0.14856743812561035,1.0458496265015668e-06,1.753439851059413e-06,Spain,ESP,,N,,
2022-01-24T14:55:21,2a5728b0-3c4f-4480-a8de-79ddfa08a999,adult-highload_DecisionTree,0.4463009834289551,3.142335203774654e-06,5.268344159682238e-06,Spain,ESP,,N,,
2022-01-24T14:55:32,a1705936-fb70-4b83-a940-5a77b17533e7,adult-highload_Forest,9.599422931671143,6.759403096681936e-05,0.00011332610787215072,Spain,ESP,,N,,
2022-01-24T14:55:41,a06d5f93-c4e9-4298-9dfd-aa815323021f,adult-highload_AdaBoost,7.038191556930542,4.9559085570600496e-05,8.308926390521043e-05,Spain,ESP,,N,,
2022-01-24T14:55:48,f92145f9-945f-4862-8cb8-1beb204c9590,adult-highload_Linear,0.26978468894958496,1.8993145354600461e-06,3.1843333035478714e-06,Spain,ESP,,N,,
2022-01-24T14:59:14,82f48fd0-71ae-4d36-aee6-1398bdef854d,adult-highload_SupportVector,204.92855620384216,0.0014429996321911388,0.00241928953841265,Spain,ESP,,N,,
2022-01-24T14:59:20,cd8733d6-a968-42eb-85a1-e2638108d8df,adult-highload_StochasticGradient,4.2895424365997314,3.0204503062465532e-05,5.063995627013193e-05,Spain,ESP,,N,,
2022-01-24T14:59:22,eadfd527-e165-4c71-b5b0-47f3912da12b,adult-highload_NaiveBayes,0.23486757278442383,1.6535197441448413e-06,2.7722411907299044e-06,Spain,ESP,,N,,
2022-01-24T14:59:24,bf8cbb13-cd15-42d3-b45a-36c376d600ec,adult-highload_DecisionTree,0.4743618965148926,3.3398974113382736e-06,5.599570981423426e-06,Spain,ESP,,N,,
2022-01-24T14:59:36,50ca261a-07d8-4506-a798-2e3eafb4a6af,adult-highload_Forest,10.213602781295776,7.191876118403785e-05,0.00012057681974869253,Spain,ESP,,N,,
2022-01-24T14:59:45,828da2fd-a450-43c4-8855-fadafda47c8c,adult-highload_AdaBoost,7.298127889633179,5.138944413164312e-05,8.615798770769017e-05,Spain,ESP,,N,,
2022-01-24T14:59:53,c85833c6-6dc9-4af7-9253-070744fdef76,adult-highload_Linear,0.30237245559692383,2.1287324087628348e-06,3.5689683709619405e-06,Spain,ESP,,N,,
2022-01-24T15:03:18,9b3cfad0-ad1a-4b02-8047-32ce47a08e82,adult-highload_SupportVector,204.109375,0.00143723146342018,0.0024096188011151023,Spain,ESP,,N,,
2022-01-24T15:03:25,58128a7d-666d-494d-bf41-35b8e8d38292,adult-highload_StochasticGradient,5.015906572341919,3.5319200067680574e-05,5.921510257011949e-05,Spain,ESP,,N,,
2022-01-24T15:03:27,9d2055ef-6d9d-491f-a29a-7c0df68bd51e,adult-highload_NaiveBayes,0.08402872085571289,5.913972866546175e-07,9.915188034224154e-07,Spain,ESP,,N,,
2022-01-24T15:03:29,d20c2631-e317-4e91-a489-d8e4db78ed53,adult-highload_DecisionTree,0.5074982643127441,3.5732370150846305e-06,5.990781103482653e-06,Spain,ESP,,N,,
2022-01-24T15:03:40,82d232ba-e7d2-408e-a280-8fd6eac10df8,adult-highload_Forest,10.148205757141113,7.145828690621955e-05,0.0001198048025019921,Spain,ESP,,N,,
2022-01-24T15:03:49,3dbf97d3-a03f-41d8-b56e-2bbc7acc1ec4,adult-highload_AdaBoost,7.240616798400879,5.0984444879842484e-05,8.547897821171516e-05,Spain,ESP,,N,,
2022-01-24T15:04:00,e74040f8-0873-4c4d-8044-1a14e4a45ea2,adult-highload_Linear,0.29125428199768066,2.050492543355286e-06,3.4377937790600186e-06,Spain,ESP,,N,,
2022-01-24T15:07:58,1f0d4b52-6cc0-489f-96a2-155dbc686151,adult-highload_SupportVector,236.5571746826172,0.0016657120313951959,0.002792682410766333,Spain,ESP,,N,,
2022-01-24T15:08:05,6f6e0c87-cb69-45fc-bed2-a9157b85d535,adult-highload_StochasticGradient,5.411304473876953,3.810336342858543e-05,6.38829466512999e-05,Spain,ESP,,N,,
2022-01-24T15:08:07,cc3f8ba5-1699-41ed-bb76-e925eb63ba44,adult-highload_NaiveBayes,0.07709980010986328,5.425787936886465e-07,9.096711946781875e-07,Spain,ESP,,N,,
2022-01-24T15:08:10,1120b2c6-88f8-4971-a67c-c350134194db,adult-highload_DecisionTree,0.5540938377380371,3.901362963370302e-06,6.54090714389186e-06,Spain,ESP,,N,,
2022-01-24T15:08:26,65285fe5-406f-4f5f-acf9-27c089c2da1a,adult-highload_Forest,14.747350931167603,0.00010384310924948129,0.0001741002161324423,Spain,ESP,,N,,
2022-01-24T15:08:38,30a0dc5c-2253-418d-a1e2-8fe9bf671915,adult-highload_AdaBoost,10.152382612228394,7.148766127161814e-05,0.0001198540506745633,Spain,ESP,,N,,
